INSERT INTO CostumerType (Type) VALUES ('Individual');
INSERT INTO CostumerType (Type) VALUES ('Company');
INSERT INTO Country (Code, Name) VALUES ('PO', 'Portugal');
INSERT INTO Address (ID, Street, PostCode, Town, CountryCode) VALUES ('48351', 'Tv. Augusto Lessa 23', '4200-047', 'Porto', 'PO');
INSERT INTO Costumer (ID, Name, Contact, AddressID, CostumerType) VALUES ('456', 'Carvalho & Carvalho, Lda', 3518340500, 48351, 'Company');
INSERT INTO Country (Code, Name) VALUES ('PO', 'Portugal');
INSERT INTO Address (ID, Street, PostCode, Town, CountryCode) VALUES ('71767', 'R. Dr. Barros 93', '4465-219', 'São Mamede de Infesta', 'PO');
INSERT INTO Costumer (ID, Name, Contact, AddressID, CostumerType) VALUES ('785', 'Tudo para a casa, Lda', 3518340500, 71767, 'Company');
INSERT INTO Country (Code, Name) VALUES ('PO', 'Portugal');
INSERT INTO Address (ID, Street, PostCode, Town, CountryCode) VALUES ('67022', 'EDIFICIO CRISTAL lj18, R. António Correia de Carvalho 88', '4400-023', 'Vila Nova de Gaia', 'PO');
INSERT INTO Costumer (ID, Name, Contact, AddressID, CostumerType) VALUES ('657', 'Sair de Cena', 3518340500, 67022, 'Company');
INSERT INTO Country (Code, Name) VALUES ('CZ', 'Czechia');
INSERT INTO Address (ID, Street, PostCode, Town, CountryCode) VALUES ('52344', 'Křemencova 11', '110 00', 'Nové Město', 'CZ');
INSERT INTO Costumer (ID, Name, Contact, AddressID, CostumerType) VALUES ('348', 'U Fleku', 4201234567, 52344, 'Company');
INSERT INTO ProductFamily (Code, Name) VALUES ('125', 'Pro Line pots');
INSERT INTO ProductFamily (Code, Name) VALUES ('130', 'La Belle pots');
INSERT INTO ProductFamily (Code, Name) VALUES ('132', 'Pro Line pans');
INSERT INTO ProductFamily (Code, Name) VALUES ('145', 'Pro Line lids');
INSERT INTO ProductFamily (Code, Name) VALUES ('146', 'Pro Clear lids');
INSERT INTO Product (Code, Name, Description, ProductFamilyCode) VALUES ('AS12945T22', 'La Belle 22 5l pot', '5l 22 cm aluminium and teflon non stick pot', 130);
INSERT INTO Product (Code, Name, Description, ProductFamilyCode) VALUES ('AS12945S22', 'Pro 22 5l pot', '5l 22 cm stainless steel pot', 125);
INSERT INTO Product (Code, Name, Description, ProductFamilyCode) VALUES ('AS12945S20', 'Pro 20 3l pot', '3l 20 cm stainless steel pot', 125);
INSERT INTO Product (Code, Name, Description, ProductFamilyCode) VALUES ('AS12945S17', 'Pro 17 2l pot', '2l 17 cm stainless steel pot', 125);
INSERT INTO Product (Code, Name, Description, ProductFamilyCode) VALUES ('AS12945P17', 'Pro 17 2l sauce pan', '2l 17 cm stainless steel souce pan', 132);
INSERT INTO Product (Code, Name, Description, ProductFamilyCode) VALUES ('AS12945S48', 'Pro 17 lid', '17 cm stainless steel lid', 145);
INSERT INTO Product (Code, Name, Description, ProductFamilyCode) VALUES ('AS12945G48', 'Pro Clear 17 lid', '17 cm glass lid', 146);
INSERT INTO WorkstationType (Code, Name) VALUES ('A4578', '600t cold forging stamping press');
INSERT INTO WorkstationType (Code, Name) VALUES ('A4588', '600t cold forging precision stamping press');
INSERT INTO WorkstationType (Code, Name) VALUES ('A4598', '1000t cold forging precision stamping press');
INSERT INTO WorkstationType (Code, Name) VALUES ('S3271', 'Handle rivet');
INSERT INTO WorkstationType (Code, Name) VALUES ('K3675', 'Packaging');
INSERT INTO WorkstationType (Code, Name) VALUES ('K3676', 'Packaging for large itens');
INSERT INTO WorkstationType (Code, Name) VALUES ('C5637', 'Border trimming');
INSERT INTO WorkstationType (Code, Name) VALUES ('D9123', 'Spot welding');
INSERT INTO WorkstationType (Code, Name) VALUES ('Q5478', 'Teflon application station');
INSERT INTO WorkstationType (Code, Name) VALUES ('Q3547', 'Stainless steel polishing');
INSERT INTO WorkstationType (Code, Name) VALUES ('T3452', 'Assembly T1');
INSERT INTO WorkstationType (Code, Name) VALUES ('G9273', 'Circular glass cutting');
INSERT INTO WorkstationType (Code, Name) VALUES ('G9274', 'Glass trimming');
INSERT INTO Workstation (ID, Name, Description, WorkstationTypeCode) VALUES ('9875', 'Press 01', '220-630t cold forging press', 'A4578');
INSERT INTO Workstation (ID, Name, Description, WorkstationTypeCode) VALUES ('9886', 'Press 02', '220-630t cold forging press', 'A4578');
INSERT INTO Workstation (ID, Name, Description, WorkstationTypeCode) VALUES ('9847', 'Press 03', '220-630t precision cold forging press', 'A4588');
INSERT INTO Workstation (ID, Name, Description, WorkstationTypeCode) VALUES ('9855', 'Press 04', '160-1000t precison cold forging press', 'A4588');
INSERT INTO Workstation (ID, Name, Description, WorkstationTypeCode) VALUES ('8541', 'Rivet 02', 'Rivet station', 'S3271');
INSERT INTO Workstation (ID, Name, Description, WorkstationTypeCode) VALUES ('8543', 'Rivet 03', 'Rivet station', 'S3271');
INSERT INTO Workstation (ID, Name, Description, WorkstationTypeCode) VALUES ('6814', 'Packaging 01', 'Packaging station', 'K3675');
INSERT INTO Workstation (ID, Name, Description, WorkstationTypeCode) VALUES ('6815', 'Packaging 02', 'Packaging station', 'K3675');
INSERT INTO Workstation (ID, Name, Description, WorkstationTypeCode) VALUES ('6816', 'Packaging 03', 'Packaging station', 'K3675');
INSERT INTO Workstation (ID, Name, Description, WorkstationTypeCode) VALUES ('6821', 'Packaging 04', 'Packaging station', 'K3675');
INSERT INTO Workstation (ID, Name, Description, WorkstationTypeCode) VALUES ('6822', 'Packaging 05', 'Packaging station', 'K3676');
INSERT INTO Workstation (ID, Name, Description, WorkstationTypeCode) VALUES ('8167', 'Welding 01', 'Spot welding staion', 'D9123');
INSERT INTO Workstation (ID, Name, Description, WorkstationTypeCode) VALUES ('8170', 'Welding 02', 'Spot welding staion', 'D9123');
INSERT INTO Workstation (ID, Name, Description, WorkstationTypeCode) VALUES ('8171', 'Welding 03', 'Spot welding staion', 'D9123');
INSERT INTO Workstation (ID, Name, Description, WorkstationTypeCode) VALUES ('7235', 'Assembly 01', 'Product assembly station', 'T3452');
INSERT INTO Workstation (ID, Name, Description, WorkstationTypeCode) VALUES ('7236', 'Assembly 02', 'Product assembly station', 'T3452');
INSERT INTO Workstation (ID, Name, Description, WorkstationTypeCode) VALUES ('7238', 'Assembly 03', 'Product assembly station', 'T3452');
INSERT INTO Workstation (ID, Name, Description, WorkstationTypeCode) VALUES ('5124', 'Trimming 01', 'Metal trimming station', 'C5637');
INSERT INTO Workstation (ID, Name, Description, WorkstationTypeCode) VALUES ('4123', 'Polishing 01', 'Metal polishing station', 'Q3547');
INSERT INTO Workstation (ID, Name, Description, WorkstationTypeCode) VALUES ('4124', 'Polishing 02', 'Metal polishing station', 'Q3547');
INSERT INTO Workstation (ID, Name, Description, WorkstationTypeCode) VALUES ('4125', 'Polishing 03', 'Metal polishing station', 'Q3547');
INSERT INTO Operation (ID, Name) VALUES ('5647', 'Disc cutting');
INSERT INTO WorkstationTypeOperation (WorkstationTypeCode, OperationID) VALUES ('A4578', '5647');
INSERT INTO WorkstationTypeOperation (WorkstationTypeCode, OperationID) VALUES ('A4588', '5647');
INSERT INTO WorkstationTypeOperation (WorkstationTypeCode, OperationID) VALUES ('A4598', '5647');
INSERT INTO Operation (ID, Name) VALUES ('5649', 'Initial pot base pressing');
INSERT INTO WorkstationTypeOperation (WorkstationTypeCode, OperationID) VALUES ('A4588', '5649');
INSERT INTO WorkstationTypeOperation (WorkstationTypeCode, OperationID) VALUES ('A4598', '5649');
INSERT INTO Operation (ID, Name) VALUES ('5651', 'Final pot base pressing');
INSERT INTO WorkstationTypeOperation (WorkstationTypeCode, OperationID) VALUES ('A4588', '5651');
INSERT INTO WorkstationTypeOperation (WorkstationTypeCode, OperationID) VALUES ('A4598', '5651');
INSERT INTO Operation (ID, Name) VALUES ('5653', 'Pot base finishing');
INSERT INTO WorkstationTypeOperation (WorkstationTypeCode, OperationID) VALUES ('C5637', '5653');
INSERT INTO Operation (ID, Name) VALUES ('5655', 'Lid pressing');
INSERT INTO WorkstationTypeOperation (WorkstationTypeCode, OperationID) VALUES ('A4588', '5655');
INSERT INTO WorkstationTypeOperation (WorkstationTypeCode, OperationID) VALUES ('A4598', '5655');
INSERT INTO Operation (ID, Name) VALUES ('5657', 'Lid finishing');
INSERT INTO WorkstationTypeOperation (WorkstationTypeCode, OperationID) VALUES ('C5637', '5657');
INSERT INTO Operation (ID, Name) VALUES ('5659', 'Pot handles riveting');
INSERT INTO WorkstationTypeOperation (WorkstationTypeCode, OperationID) VALUES ('S3271', '5659');
INSERT INTO Operation (ID, Name) VALUES ('5661', 'Lid handle screw');
INSERT INTO WorkstationTypeOperation (WorkstationTypeCode, OperationID) VALUES ('T3452', '5661');
INSERT INTO Operation (ID, Name) VALUES ('5663', 'Pot test and packaging');
INSERT INTO WorkstationTypeOperation (WorkstationTypeCode, OperationID) VALUES ('K3675', '5663');
INSERT INTO Operation (ID, Name) VALUES ('5665', 'Handle welding');
INSERT INTO WorkstationTypeOperation (WorkstationTypeCode, OperationID) VALUES ('D9123', '5665');
INSERT INTO Operation (ID, Name) VALUES ('5667', 'Lid polishing');
INSERT INTO WorkstationTypeOperation (WorkstationTypeCode, OperationID) VALUES ('Q3547', '5667');
INSERT INTO Operation (ID, Name) VALUES ('5669', 'Pot base polishing');
INSERT INTO WorkstationTypeOperation (WorkstationTypeCode, OperationID) VALUES ('Q3547', '5669');
INSERT INTO Operation (ID, Name) VALUES ('5671', 'Teflon painting');
INSERT INTO WorkstationTypeOperation (WorkstationTypeCode, OperationID) VALUES ('Q5478', '5671');
INSERT INTO Operation (ID, Name) VALUES ('5681', 'Initial pan base pressing');
INSERT INTO WorkstationTypeOperation (WorkstationTypeCode, OperationID) VALUES ('A4588', '5681');
INSERT INTO WorkstationTypeOperation (WorkstationTypeCode, OperationID) VALUES ('A4598', '5681');
INSERT INTO Operation (ID, Name) VALUES ('5682', 'Final pan base pressing');
INSERT INTO WorkstationTypeOperation (WorkstationTypeCode, OperationID) VALUES ('A4588', '5682');
INSERT INTO WorkstationTypeOperation (WorkstationTypeCode, OperationID) VALUES ('A4598', '5682');
INSERT INTO Operation (ID, Name) VALUES ('5683', 'Pan base finishing');
INSERT INTO WorkstationTypeOperation (WorkstationTypeCode, OperationID) VALUES ('C5637', '5683');
INSERT INTO Operation (ID, Name) VALUES ('5665', 'Handle welding');
INSERT INTO WorkstationTypeOperation (WorkstationTypeCode, OperationID) VALUES ('D9123', '5665');
INSERT INTO Operation (ID, Name) VALUES ('5688', 'Pan test and packaging');
INSERT INTO WorkstationTypeOperation (WorkstationTypeCode, OperationID) VALUES ('K3675', '5688');
INSERT INTO CostumerOrder (ID, DeliveryDate, OrderDate, CostumerID) VALUES ('1', TO_DATE('2024-09-23 00:00:00', 'YYYY-MM-DD HH24:MI:SS'), TO_DATE('2024-09-15 00:00:00', 'YYYY-MM-DD HH24:MI:SS'), 785);
INSERT INTO ProductOrder (OrderID, ProductCode, Quantity) VALUES ('1', 'AS12945S22', '5');
INSERT INTO CostumerOrder (ID, DeliveryDate, OrderDate, CostumerID) VALUES ('1', TO_DATE('2024-09-23 00:00:00', 'YYYY-MM-DD HH24:MI:SS'), TO_DATE('2024-09-15 00:00:00', 'YYYY-MM-DD HH24:MI:SS'), 785);
INSERT INTO ProductOrder (OrderID, ProductCode, Quantity) VALUES ('1', 'AS12945S20', '15');
INSERT INTO CostumerOrder (ID, DeliveryDate, OrderDate, CostumerID) VALUES ('2', TO_DATE('2024-09-26 00:00:00', 'YYYY-MM-DD HH24:MI:SS'), TO_DATE('2024-09-15 00:00:00', 'YYYY-MM-DD HH24:MI:SS'), 657);
INSERT INTO ProductOrder (OrderID, ProductCode, Quantity) VALUES ('2', 'AS12945S22', '10');
INSERT INTO CostumerOrder (ID, DeliveryDate, OrderDate, CostumerID) VALUES ('2', TO_DATE('2024-09-26 00:00:00', 'YYYY-MM-DD HH24:MI:SS'), TO_DATE('2024-09-15 00:00:00', 'YYYY-MM-DD HH24:MI:SS'), 657);
INSERT INTO ProductOrder (OrderID, ProductCode, Quantity) VALUES ('2', 'AS12945P17', '20');
INSERT INTO CostumerOrder (ID, DeliveryDate, OrderDate, CostumerID) VALUES ('3', TO_DATE('2024-09-25 00:00:00', 'YYYY-MM-DD HH24:MI:SS'), TO_DATE('2024-09-15 00:00:00', 'YYYY-MM-DD HH24:MI:SS'), 348);
INSERT INTO ProductOrder (OrderID, ProductCode, Quantity) VALUES ('3', 'AS12945S22', '10');
INSERT INTO CostumerOrder (ID, DeliveryDate, OrderDate, CostumerID) VALUES ('3', TO_DATE('2024-09-25 00:00:00', 'YYYY-MM-DD HH24:MI:SS'), TO_DATE('2024-09-15 00:00:00', 'YYYY-MM-DD HH24:MI:SS'), 348);
INSERT INTO ProductOrder (OrderID, ProductCode, Quantity) VALUES ('3', 'AS12945S20', '10');
INSERT INTO CostumerOrder (ID, DeliveryDate, OrderDate, CostumerID) VALUES ('4', TO_DATE('2024-09-25 00:00:00', 'YYYY-MM-DD HH24:MI:SS'), TO_DATE('2024-09-18 00:00:00', 'YYYY-MM-DD HH24:MI:SS'), 785);
INSERT INTO ProductOrder (OrderID, ProductCode, Quantity) VALUES ('4', 'AS12945S20', '24');
INSERT INTO CostumerOrder (ID, DeliveryDate, OrderDate, CostumerID) VALUES ('4', TO_DATE('2024-09-25 00:00:00', 'YYYY-MM-DD HH24:MI:SS'), TO_DATE('2024-09-18 00:00:00', 'YYYY-MM-DD HH24:MI:SS'), 785);
INSERT INTO ProductOrder (OrderID, ProductCode, Quantity) VALUES ('4', 'AS12945S22', '16');
INSERT INTO CostumerOrder (ID, DeliveryDate, OrderDate, CostumerID) VALUES ('4', TO_DATE('2024-09-25 00:00:00', 'YYYY-MM-DD HH24:MI:SS'), TO_DATE('2024-09-18 00:00:00', 'YYYY-MM-DD HH24:MI:SS'), 785);
INSERT INTO ProductOrder (OrderID, ProductCode, Quantity) VALUES ('4', 'AS12945S17', '8');
INSERT INTO CostumerOrder (ID, DeliveryDate, OrderDate, CostumerID) VALUES ('5', TO_DATE('2024-09-25 00:00:00', 'YYYY-MM-DD HH24:MI:SS'), TO_DATE('2024-09-18 00:00:00', 'YYYY-MM-DD HH24:MI:SS'), 657);
INSERT INTO ProductOrder (OrderID, ProductCode, Quantity) VALUES ('5', 'AS12945S22', '12');
INSERT INTO CostumerOrder (ID, DeliveryDate, OrderDate, CostumerID) VALUES ('6', TO_DATE('2024-09-26 00:00:00', 'YYYY-MM-DD HH24:MI:SS'), TO_DATE('2024-09-18 00:00:00', 'YYYY-MM-DD HH24:MI:SS'), 348);
INSERT INTO ProductOrder (OrderID, ProductCode, Quantity) VALUES ('6', 'AS12945S17', '8');
INSERT INTO CostumerOrder (ID, DeliveryDate, OrderDate, CostumerID) VALUES ('6', TO_DATE('2024-09-26 00:00:00', 'YYYY-MM-DD HH24:MI:SS'), TO_DATE('2024-09-18 00:00:00', 'YYYY-MM-DD HH24:MI:SS'), 348);
INSERT INTO ProductOrder (OrderID, ProductCode, Quantity) VALUES ('6', 'AS12945P17', '16');
INSERT INTO CostumerOrder (ID, DeliveryDate, OrderDate, CostumerID) VALUES ('7', TO_DATE('2024-09-26 00:00:00', 'YYYY-MM-DD HH24:MI:SS'), TO_DATE('2024-09-21 00:00:00', 'YYYY-MM-DD HH24:MI:SS'), 456);
INSERT INTO ProductOrder (OrderID, ProductCode, Quantity) VALUES ('7', 'AS12945S22', '8');
INSERT INTO BoO (Step, ProductFamilyCode, OperationID) VALUES ('1', '125', '5647');
INSERT INTO BoO (Step, ProductFamilyCode, OperationID) VALUES ('2', '125', '5647');
INSERT INTO BoO (Step, ProductFamilyCode, OperationID) VALUES ('3', '125', '5649');
INSERT INTO BoO (Step, ProductFamilyCode, OperationID) VALUES ('4', '125', '5651');
INSERT INTO BoO (Step, ProductFamilyCode, OperationID) VALUES ('5', '125', '5653');
INSERT INTO BoO (Step, ProductFamilyCode, OperationID) VALUES ('6', '125', '5659');
INSERT INTO BoO (Step, ProductFamilyCode, OperationID) VALUES ('7', '125', '5669');
INSERT INTO BoO (Step, ProductFamilyCode, OperationID) VALUES ('8', '125', '5655');
INSERT INTO BoO (Step, ProductFamilyCode, OperationID) VALUES ('9', '125', '5657');
INSERT INTO BoO (Step, ProductFamilyCode, OperationID) VALUES ('10', '125', '5661');
INSERT INTO BoO (Step, ProductFamilyCode, OperationID) VALUES ('11', '125', '5667');
INSERT INTO BoO (Step, ProductFamilyCode, OperationID) VALUES ('12', '125', '5663');
INSERT INTO BoO (Step, ProductFamilyCode, OperationID) VALUES ('1', '132', '5681');
INSERT INTO BoO (Step, ProductFamilyCode, OperationID) VALUES ('2', '132', '5682');
INSERT INTO BoO (Step, ProductFamilyCode, OperationID) VALUES ('3', '132', '5683');
INSERT INTO BoO (Step, ProductFamilyCode, OperationID) VALUES ('4', '132', '5665');
INSERT INTO BoO (Step, ProductFamilyCode, OperationID) VALUES ('5', '132', '5688');
INSERT INTO Component (Code, Description) VALUES ('PN12344A21', 'Screw M6 35 mm');
INSERT INTO BoM (ProductCode, ComponentCode, Quantity) VALUES ('AS12945S22', 'PN12344A21', '1');
INSERT INTO Component (Code, Description) VALUES ('PN52384R50', '300x300 mm 5mm stainless steel sheet');
INSERT INTO BoM (ProductCode, ComponentCode, Quantity) VALUES ('AS12945S22', 'PN52384R50', '1');
INSERT INTO Component (Code, Description) VALUES ('PN52384R10', '300x300 mm 1mm stainless steel sheet');
INSERT INTO BoM (ProductCode, ComponentCode, Quantity) VALUES ('AS12945S22', 'PN52384R10', '1');
INSERT INTO Component (Code, Description) VALUES ('PN18544A21', 'Rivet 6 mm');
INSERT INTO BoM (ProductCode, ComponentCode, Quantity) VALUES ('AS12945S22', 'PN18544A21', '4');
INSERT INTO Component (Code, Description) VALUES ('PN18544C21', 'Stainless steel handle model U6');
INSERT INTO BoM (ProductCode, ComponentCode, Quantity) VALUES ('AS12945S22', 'PN18544C21', '2');
INSERT INTO Component (Code, Description) VALUES ('PN18324C54', 'Stainless steel handle model R12');
INSERT INTO BoM (ProductCode, ComponentCode, Quantity) VALUES ('AS12945S22', 'PN18324C54', '1');
INSERT INTO Component (Code, Description) VALUES ('PN12344A21', 'Screw M6 35 mm');
INSERT INTO BoM (ProductCode, ComponentCode, Quantity) VALUES ('AS12945S20', 'PN12344A21', '1');
INSERT INTO Component (Code, Description) VALUES ('PN52384R50', '300x300 mm 5mm stainless steel sheet');
INSERT INTO BoM (ProductCode, ComponentCode, Quantity) VALUES ('AS12945S20', 'PN52384R50', '1');
INSERT INTO Component (Code, Description) VALUES ('PN52384R10', '300x300 mm 1mm stainless steel sheet');
INSERT INTO BoM (ProductCode, ComponentCode, Quantity) VALUES ('AS12945S20', 'PN52384R10', '1');
INSERT INTO Component (Code, Description) VALUES ('PN18544A21', 'Rivet 6 mm');
INSERT INTO BoM (ProductCode, ComponentCode, Quantity) VALUES ('AS12945S20', 'PN18544A21', '4');
INSERT INTO Component (Code, Description) VALUES ('PN18544C21', 'Stainless steel handle model U6');
INSERT INTO BoM (ProductCode, ComponentCode, Quantity) VALUES ('AS12945S20', 'PN18544C21', '2');
INSERT INTO Component (Code, Description) VALUES ('PN18324C51', 'Stainless steel handle model R11');
INSERT INTO BoM (ProductCode, ComponentCode, Quantity) VALUES ('AS12945S20', 'PN18324C51', '1');
INSERT INTO Component (Code, Description) VALUES ('PN12344A21', 'Screw M6 35 mm');
INSERT INTO BoM (ProductCode, ComponentCode, Quantity) VALUES ('AS12945S17', 'PN12344A21', '1');
INSERT INTO Component (Code, Description) VALUES ('PN52384R45', '250x250 mm 5mm stainless steel sheet');
INSERT INTO BoM (ProductCode, ComponentCode, Quantity) VALUES ('AS12945S17', 'PN52384R45', '1');
INSERT INTO Component (Code, Description) VALUES ('PN52384R12', '250x250 mm 1mm stainless steel sheet');
INSERT INTO BoM (ProductCode, ComponentCode, Quantity) VALUES ('AS12945S17', 'PN52384R12', '1');
INSERT INTO Component (Code, Description) VALUES ('PN18544A21', 'Rivet 6 mm');
INSERT INTO BoM (ProductCode, ComponentCode, Quantity) VALUES ('AS12945S17', 'PN18544A21', '4');
INSERT INTO Component (Code, Description) VALUES ('PN18544C21', 'Stainless steel handle model U6');
INSERT INTO BoM (ProductCode, ComponentCode, Quantity) VALUES ('AS12945S17', 'PN18544C21', '2');
INSERT INTO Component (Code, Description) VALUES ('PN18324C51', 'Stainless steel handle model R11');
INSERT INTO BoM (ProductCode, ComponentCode, Quantity) VALUES ('AS12945S17', 'PN18324C51', '1');
INSERT INTO Component (Code, Description) VALUES ('PN52384R45', '250x250 mm 5mm stainless steel sheet');
INSERT INTO BoM (ProductCode, ComponentCode, Quantity) VALUES ('AS12945P17', 'PN52384R45', '1');
INSERT INTO Component (Code, Description) VALUES ('PN18324C91', 'Stainless steel handle model S26');
INSERT INTO BoM (ProductCode, ComponentCode, Quantity) VALUES ('AS12945P17', 'PN18324C91', '1');
